Order ID,Customer,City,Category,Units,Unit Price,Order Date,Revenue
1001,Acme Ltd,Almaty,Electronics,2,120,2026-08-01,240
1002,Blue Market,Astana,Electronics,1,250,2026-08-02,250
1004,Green Shop,Shymkent,Home,5,35,2026-08-03,175
1005,Blue Market,Astana,Electronics,3,80,2026-08-04,240
1006,North Cafe,Karaganda,Food,10,4.5,2026-08-04,45
1007,Green Shop,Shymkent,Home,2,70,2026-08-05,140
1008,North Cafe,Karaganda,Food,8,4.5,2026-08-06,36
1009,City Books,Almaty,Books,4,18,2026-08-06,72
1010,City Books,Almaty,Books,2,22,2026-08-07,44
